,RUN_NAME,split num,epoch,loss,accuracy,roc_auc,tuned weights bool
0,20210227-1537 - arch=nf_resnet50 - samples=-1 frozen=1 epochs=50 bs=32 res=256,1,5,0.8428796529769897,0.8233075141906738,0.9456493199429735,True
1,20210227-1537 - arch=nf_resnet50 - samples=-1 frozen=1 epochs=50 bs=32 res=256,1,10,0.783513069152832,0.8564621806144714,0.9582384888351484,True
2,20210227-1537 - arch=nf_resnet50 - samples=-1 frozen=1 epochs=50 bs=32 res=256,1,15,0.7662732601165771,0.8701608180999756,0.9624411757663104,True
3,20210227-1537 - arch=nf_resnet50 - samples=-1 frozen=1 epochs=50 bs=32 res=256,1,20,0.7506220936775208,0.8657931089401245,0.9623253492821361,True
4,20210227-1537 - arch=nf_resnet50 - samples=-1 frozen=1 epochs=50 bs=32 res=256,1,25,0.7436503171920776,0.8695651888847351,0.9627610626528252,True
5,20210227-1537 - arch=nf_resnet50 - samples=-1 frozen=1 epochs=50 bs=32 res=256,1,30,0.744333803653717,0.8691681623458862,0.9624052945820468,True
